label,step,cum_distance,p_survival,survival_margin,altitude_m,building_height_m,clearance_m,climb_rate,descent_rate,alt_margin,battery_margin
8,0,0.0000,1.000000,0.990000,60.00,0.00,60.00,0.0000,0.0000,60.00,inf
8,1,14.1421,0.962511,0.952511,60.00,0.00,60.00,0.0000,0.0000,60.00,inf
8,2,28.2843,0.926695,0.916695,60.00,0.00,60.00,0.0000,0.0000,60.00,inf
8,3,42.4264,0.891324,0.881324,60.00,0.00,60.00,0.0000,0.0000,60.00,inf
8,4,56.5685,0.857692,0.847692,60.00,0.00,60.00,0.0000,0.0000,60.00,inf
8,5,70.7107,0.825330,0.815330,60.00,0.00,60.00,0.0000,0.0000,60.00,inf
8,6,84.8528,0.793242,0.783242,60.00,0.00,60.00,0.0000,0.0000,60.00,inf
8,7,98.9949,0.762243,0.752243,60.00,0.00,60.00,0.0000,0.0000,60.00,inf
8,8,113.1371,0.731837,0.721837,60.00,0.00,60.00,0.0000,0.0000,60.00,inf
8,9,127.2792,0.701434,0.691434,60.00,0.00,60.00,0.0000,0.0000,60.00,inf
8,10,141.4214,0.671394,0.661394,60.00,0.00,60.00,0.0000,0.0000,60.00,inf
8,11,155.5635,0.641016,0.631016,60.00,0.00,60.00,0.0000,0.0000,60.00,inf
8,12,169.7056,0.608740,0.598740,60.00,0.00,60.00,0.0000,0.0000,60.00,inf
8,13,183.8478,0.577705,0.567705,60.00,0.00,60.00,0.0000,0.0000,60.00,inf
8,14,197.9899,0.544746,0.534746,60.00,0.00,60.00,0.0000,0.0000,60.00,inf
8,15,212.1320,0.512286,0.502286,60.00,0.00,60.00,0.0000,0.0000,60.00,inf
8,16,226.2742,0.478703,0.468703,60.00,0.00,60.00,0.0000,0.0000,60.00,inf
8,17,240.4163,0.446528,0.436528,60.00,0.00,60.00,0.0000,0.0000,60.00,inf
8,18,254.5584,0.417954,0.407954,60.00,0.00,60.00,0.0000,0.0000,60.00,inf
8,19,268.7006,0.389437,0.379437,60.00,0.00,60.00,0.0000,0.0000,60.00,inf
8,20,282.8427,0.363635,0.353635,60.00,0.00,60.00,0.0000,0.0000,60.00,inf
8,21,296.9848,0.341717,0.331717,60.00,0.00,60.00,0.0000,0.0000,60.00,inf
8,22,311.1270,0.323041,0.313041,60.00,0.00,60.00,0.0000,0.0000,60.00,inf
8,23,325.2691,0.306333,0.296333,60.00,0.00,60.00,0.0000,0.0000,60.00,inf
8,24,339.4113,0.291628,0.281628,60.00,0.00,60.00,0.0000,0.0000,60.00,inf
8,25,353.5534,0.278390,0.268390,60.00,0.00,60.00,0.0000,0.0000,60.00,inf
8,26,367.6955,0.266259,0.256259,60.00,0.00,60.00,0.0000,0.0000,60.00,inf
8,27,381.8377,0.255337,0.245337,60.00,0.00,60.00,0.0000,0.0000,60.00,inf
8,28,395.9798,0.245388,0.235388,60.00,0.00,60.00,0.0000,0.0000,60.00,inf
8,29,410.1219,0.235563,0.225563,60.00,0.00,60.00,0.0000,0.0000,60.00,inf
8,30,424.2641,0.226566,0.216566,60.00,0.00,60.00,0.0000,0.0000,60.00,inf
8,31,438.4062,0.217835,0.207835,60.00,0.00,60.00,0.0000,0.0000,60.00,inf
8,32,452.5483,0.209601,0.199601,60.00,0.00,60.00,0.0000,0.0000,60.00,inf
8,33,466.6905,0.201754,0.191754,60.00,0.00,60.00,0.0000,0.0000,60.00,inf
8,34,480.8326,0.194111,0.184111,60.00,0.00,60.00,0.0000,0.0000,60.00,inf
8,35,494.9747,0.186781,0.176781,60.00,0.00,60.00,0.0000,0.0000,60.00,inf
12,0,0.0000,1.000000,0.990000,60.00,0.00,60.00,0.0000,0.0000,60.00,inf
12,1,14.1421,0.963215,0.953215,60.00,0.00,60.00,0.0000,0.0000,60.00,inf
12,2,28.2843,0.927217,0.917217,60.00,0.00,60.00,0.0000,0.0000,60.00,inf
12,3,42.4264,0.891844,0.881844,60.00,0.00,60.00,0.0000,0.0000,60.00,inf
12,4,56.5685,0.858056,0.848056,60.00,0.00,60.00,0.0000,0.0000,60.00,inf
12,5,70.7107,0.825761,0.815761,60.00,0.00,60.00,0.0000,0.0000,60.00,inf
12,6,84.8528,0.793383,0.783383,60.00,0.00,60.00,0.0000,0.0000,60.00,inf
12,7,98.9949,0.761530,0.751530,60.00,0.00,60.00,0.0000,0.0000,60.00,inf
12,8,113.1371,0.728669,0.718669,60.00,0.00,60.00,0.0000,0.0000,60.00,inf
12,9,127.2792,0.695459,0.685459,60.00,0.00,60.00,0.0000,0.0000,60.00,inf
12,10,141.4214,0.657298,0.647298,60.00,0.00,60.00,0.0000,0.0000,60.00,inf
12,11,155.5635,0.618957,0.608957,60.00,0.00,60.00,0.0000,0.0000,60.00,inf
12,12,169.7056,0.572764,0.562764,60.00,0.00,60.00,0.0000,0.0000,60.00,inf
12,13,183.8478,0.523411,0.513411,60.00,0.00,60.00,0.0000,0.0000,60.00,inf
12,14,197.9899,0.462838,0.452838,60.00,0.00,60.00,0.0000,0.0000,60.00,inf
12,15,212.1320,0.397974,0.387974,60.00,0.00,60.00,0.0000,0.0000,60.00,inf
12,16,226.2742,0.329875,0.319875,60.00,0.00,60.00,0.0000,0.0000,60.00,inf
12,17,240.4163,0.267667,0.257667,60.00,0.00,60.00,0.0000,0.0000,60.00,inf
12,18,254.5584,0.215818,0.205818,60.00,0.00,60.00,0.0000,0.0000,60.00,inf
12,19,268.7006,0.173221,0.163221,60.00,0.00,60.00,0.0000,0.0000,60.00,inf
12,20,282.8427,0.143455,0.133455,60.00,0.00,60.00,0.0000,0.0000,60.00,inf
12,21,296.9848,0.123124,0.113124,60.00,0.00,60.00,0.0000,0.0000,60.00,inf
12,22,311.1270,0.109513,0.099513,60.00,0.00,60.00,0.0000,0.0000,60.00,inf
12,23,325.2691,0.099936,0.089936,60.00,0.00,60.00,0.0000,0.0000,60.00,inf
12,24,339.4113,0.092987,0.082987,60.00,0.00,60.00,0.0000,0.0000,60.00,inf
12,25,353.5534,0.087586,0.077586,60.00,0.00,60.00,0.0000,0.0000,60.00,inf
12,26,367.6955,0.083059,0.073059,60.00,0.00,60.00,0.0000,0.0000,60.00,inf
12,27,381.8377,0.079208,0.069208,60.00,0.00,60.00,0.0000,0.0000,60.00,inf
12,28,395.9798,0.075807,0.065807,60.00,0.00,60.00,0.0000,0.0000,60.00,inf
12,29,410.1219,0.072756,0.062756,60.00,0.00,60.00,0.0000,0.0000,60.00,inf
12,30,424.2641,0.069956,0.059956,60.00,0.00,60.00,0.0000,0.0000,60.00,inf
12,31,438.4062,0.067242,0.057242,60.00,0.00,60.00,0.0000,0.0000,60.00,inf
12,32,452.5483,0.064675,0.054675,60.00,0.00,60.00,0.0000,0.0000,60.00,inf
12,33,466.6905,0.062260,0.052260,60.00,0.00,60.00,0.0000,0.0000,60.00,inf
12,34,480.8326,0.059958,0.049958,60.00,0.00,60.00,0.0000,0.0000,60.00,inf
12,35,494.9747,0.057751,0.047751,60.00,0.00,60.00,0.0000,0.0000,60.00,inf
18,0,0.0000,1.000000,0.990000,60.00,0.00,60.00,0.0000,0.0000,60.00,inf
18,1,10.0000,0.963121,0.953121,60.00,0.00,60.00,0.0000,0.0000,60.00,inf
18,2,20.0000,0.927703,0.917703,60.00,0.00,60.00,0.0000,0.0000,60.00,inf
18,3,34.1421,0.893220,0.883220,60.00,0.00,60.00,0.0000,0.0000,60.00,inf
18,4,48.2843,0.859677,0.849677,60.00,0.00,60.00,0.0000,0.0000,60.00,inf
18,5,58.2843,0.826824,0.816824,60.00,0.00,60.00,0.0000,0.0000,60.00,inf
18,6,72.4264,0.795415,0.785415,60.00,0.00,60.00,0.0000,0.0000,60.00,inf
18,7,86.5685,0.763276,0.753276,60.00,0.00,60.00,0.0000,0.0000,60.00,inf
18,8,100.7107,0.731360,0.721360,60.00,0.00,60.00,0.0000,0.0000,60.00,inf
18,9,114.8528,0.698207,0.688207,60.00,0.00,60.00,0.0000,0.0000,60.00,inf
18,10,128.9949,0.662978,0.652978,60.00,0.00,60.00,0.0000,0.0000,60.00,inf
18,11,143.1371,0.623391,0.613391,60.00,0.00,60.00,0.0000,0.0000,60.00,inf
18,12,157.2792,0.580715,0.570715,60.00,0.00,60.00,0.0000,0.0000,60.00,inf
18,13,171.4214,0.528680,0.518680,60.00,0.00,60.00,0.0000,0.0000,60.00,inf
18,14,185.5635,0.463132,0.453132,60.00,0.00,60.00,0.0000,0.0000,60.00,inf
18,15,199.7056,0.387447,0.377447,60.00,0.00,60.00,0.0000,0.0000,60.00,inf
18,16,213.8478,0.312801,0.302801,60.00,0.00,60.00,0.0000,0.0000,60.00,inf
18,17,227.9899,0.229848,0.219848,60.00,0.00,60.00,0.0000,0.0000,60.00,inf
18,18,242.1320,0.160585,0.150585,60.00,0.00,60.00,0.0000,0.0000,60.00,inf
18,19,256.2742,0.111089,0.101089,60.00,0.00,60.00,0.0000,0.0000,60.00,inf
18,20,270.4163,0.074392,0.064392,60.00,0.00,60.00,0.0000,0.0000,60.00,inf
18,21,284.5584,0.052302,0.042302,60.00,0.00,60.00,0.0000,0.0000,60.00,inf
18,22,298.7006,0.038814,0.028814,60.00,0.00,60.00,0.0000,0.0000,60.00,inf
18,23,312.8427,0.031025,0.021025,60.00,0.00,60.00,0.0000,0.0000,60.00,inf
18,24,326.9848,0.026206,0.016206,60.00,0.00,60.00,0.0000,0.0000,60.00,inf
18,25,341.1270,0.023035,0.013035,60.00,0.00,60.00,0.0000,0.0000,60.00,inf
18,26,355.2691,0.021025,0.011025,60.00,0.00,60.00,0.0000,0.0000,60.00,inf
18,27,369.4113,0.019492,0.009492,60.00,0.00,60.00,0.0000,0.0000,60.00,inf
18,28,383.5534,0.018353,0.008353,60.00,0.00,60.00,0.0000,0.0000,60.00,inf
18,29,397.6955,0.017406,0.007406,60.00,0.00,60.00,0.0000,0.0000,60.00,inf
18,30,411.8377,0.016624,0.006624,60.00,0.00,60.00,0.0000,0.0000,60.00,inf
18,31,425.9798,0.015911,0.005911,60.00,0.00,60.00,0.0000,0.0000,60.00,inf
18,32,440.1219,0.015268,0.005268,60.00,0.00,60.00,0.0000,0.0000,60.00,inf
18,33,454.2641,0.014680,0.004680,60.00,0.00,60.00,0.0000,0.0000,60.00,inf
18,34,464.2641,0.014108,0.004108,60.00,0.00,60.00,0.0000,0.0000,60.00,inf
18,35,478.4062,0.013583,0.003583,60.00,0.00,60.00,0.0000,0.0000,60.00,inf
18,36,492.5483,0.013079,0.003079,60.00,0.00,60.00,0.0000,0.0000,60.00,inf
18,37,502.5483,0.012593,0.002593,60.00,0.00,60.00,0.0000,0.0000,60.00,inf
18,38,512.5483,0.012126,0.002126,60.00,0.00,60.00,0.0000,0.0000,60.00,inf
22,0,0.0000,1.000000,0.990000,60.00,0.00,60.00,0.0000,0.0000,60.00,inf
22,1,14.1421,0.963293,0.953293,60.00,0.00,60.00,0.0000,0.0000,60.00,inf
22,2,28.2843,0.927750,0.917750,60.00,0.00,60.00,0.0000,0.0000,60.00,inf
22,3,42.4264,0.893764,0.883764,60.00,0.00,60.00,0.0000,0.0000,60.00,inf
22,4,56.5685,0.860765,0.850765,60.00,0.00,60.00,0.0000,0.0000,60.00,inf
22,5,70.7107,0.828953,0.818953,60.00,0.00,60.00,0.0000,0.0000,60.00,inf
22,6,84.8528,0.798385,0.788385,60.00,0.00,60.00,0.0000,0.0000,60.00,inf
22,7,98.9949,0.768250,0.758250,60.00,0.00,60.00,0.0000,0.0000,60.00,inf
22,8,113.1371,0.739448,0.729448,60.00,0.00,60.00,0.0000,0.0000,60.00,inf
22,9,127.2792,0.711852,0.701852,60.00,0.00,60.00,0.0000,0.0000,60.00,inf
22,10,141.4214,0.684946,0.674946,60.00,0.00,60.00,0.0000,0.0000,60.00,inf
22,11,155.5635,0.659220,0.649220,60.00,0.00,60.00,0.0000,0.0000,60.00,inf
22,12,169.7056,0.634216,0.624216,60.00,0.00,60.00,0.0000,0.0000,60.00,inf
22,13,183.8478,0.609838,0.599838,60.00,0.00,60.00,0.0000,0.0000,60.00,inf
22,14,197.9899,0.586113,0.576113,60.00,0.00,60.00,0.0000,0.0000,60.00,inf
22,15,212.1320,0.562801,0.552801,60.00,0.00,60.00,0.0000,0.0000,60.00,inf
22,16,226.2742,0.540414,0.530414,60.00,0.00,60.00,0.0000,0.0000,60.00,inf
22,17,240.4163,0.519208,0.509208,60.00,0.00,60.00,0.0000,0.0000,60.00,inf
22,18,254.5584,0.498814,0.488814,60.00,0.00,60.00,0.0000,0.0000,60.00,inf
22,19,268.7006,0.478851,0.468851,60.00,0.00,60.00,0.0000,0.0000,60.00,inf
22,20,282.8427,0.459783,0.449783,60.00,0.00,60.00,0.0000,0.0000,60.00,inf
22,21,296.9848,0.441934,0.431934,60.00,0.00,60.00,0.0000,0.0000,60.00,inf
22,22,311.1270,0.424803,0.414803,60.00,0.00,60.00,0.0000,0.0000,60.00,inf
22,23,325.2691,0.408269,0.398269,60.00,0.00,60.00,0.0000,0.0000,60.00,inf
22,24,339.4113,0.392729,0.382729,60.00,0.00,60.00,0.0000,0.0000,60.00,inf
22,25,353.5534,0.378203,0.368203,60.00,0.00,60.00,0.0000,0.0000,60.00,inf
22,26,367.6955,0.364064,0.354064,60.00,0.00,60.00,0.0000,0.0000,60.00,inf
22,27,381.8377,0.350470,0.340470,60.00,0.00,60.00,0.0000,0.0000,60.00,inf
22,28,395.9798,0.337441,0.327441,60.00,0.00,60.00,0.0000,0.0000,60.00,inf
22,29,410.1219,0.324908,0.314908,60.00,0.00,60.00,0.0000,0.0000,60.00,inf
22,30,424.2641,0.312692,0.302692,60.00,0.00,60.00,0.0000,0.0000,60.00,inf
22,31,438.4062,0.301213,0.291213,60.00,0.00,60.00,0.0000,0.0000,60.00,inf
22,32,452.5483,0.290113,0.280113,60.00,0.00,60.00,0.0000,0.0000,60.00,inf
22,33,466.6905,0.279394,0.269394,60.00,0.00,60.00,0.0000,0.0000,60.00,inf
22,34,480.8326,0.268959,0.258959,60.00,0.00,60.00,0.0000,0.0000,60.00,inf
22,35,494.9747,0.259083,0.249083,60.00,0.00,60.00,0.0000,0.0000,60.00,inf